,정식연재
0,5kg을 위하여
1,이것도 친구라고
2,연놈
3,우리 오빠는 아이돌!
4,개를 낳았다~만남부터 이별까지~
5,오늘도 형제는 평화롭다
6,루커피쳐
7,아기낳는만화
8,열정호구
9,가타부타타
10,결혼생활 그림일기
11,고교생을 환불해 주세요
12,노곤하개
13,모죠의 일지
14,"혼밥, 혼술, 혼자 사는 이야기"
15,땅 보고 걷는 아이
16,1인용 기분
17,오늘도 핸드메이드!
18,수영만화일기
19,웰캄 투 실버라이프
20,홍차 리브레
21,여탕보고서
22,방백남녀
23,동네변호사 조들호
24,프리드로우
25,나는 귀머거리다
26,물레
27,후덜덜덜 남극전자
28,슈퍼 시크릿
29,밀웜
30,압락사스
31,하나(하루)
32,플랫다이어리
33,오빠 까는 만화
34,소년들은 무엇을 하고 있을까
35,불만시대
36,팬시x팬시
37,홍시는 날 좋아해!
38,대학일기
43,간떨어지는 동거
44,복학생 정순이
45,원주민 공포만화
46,마왕이 되는 중2야
47,연애혁명
49,달수이야기
51,스코칭 로맨스
53,꼬맹이를 부탁해!
56,판타지 여동생!
57,참새는 새신부!
58,우리집에 곰이 이사왔다
59,사랑의 헌옷수거함
62,범이올시다!
63,오!주예수여
64,203호 저승사자
65,마스크걸
66,갓!김치
67,텃밭부 사건일지
69,트럼프
70,평범한 8반
71,암흑도시
72,연애의정령
73,모태솔로수용소
74,이별만화 완성도
76,트럼프(Trump)
77,우바우(우리가 바라는 우리)
78,맛집남녀
79,늘 푸른 찻집
81,위아더 능력자!
82,금수저
83,귀전구담
84,인어를 위한 수영교실
85,취사병 전설이 되다
86,잉여특공대
87,헬로도사
88,하루만 네가 되고 싶어
89,무주의 맹시
90,10월 28일
91,합법해적 파르페
92,검은인간
94,푸른사막 아아루
95,어글리후드
96,갓도령스
97,악취
99,내 룸메이트는 마네킹
100,머리카락을 뽑으면
101,킬링타임
102,열렙전사
103,금빛아이는 새벽을 달린다
104,허니버니
105,어글리 피플즈
106,벽(로그아웃)
107,초인의시대
108,로베스의 완전감각
109,흐르는 바닷불처럼
110,도화
111,바이러스 X
112,호랑이형님
113,헬58
116,블랙시저스
117,조선좀비
118,신령
120,더 게이머
121,신의 언어
122,네로의 실험실
124,외모지상주의
131,호곡
135,꼬리
138,DEAD DAYS
140,버퍼링
142,#살인스타그램
145,삶이 우리를 속일지라도
147,내일
150,투명한 동거
151,아홉수 우리들
153,요리GO
154,언원티드
155,뱀이 앉은 자리
156,빅맨
158,별을 삼킨 너에게
159,탑코너
160,9등급 뒤집기
161,교환일기
162,좋아하는부분
163,병
164,백수세끼
166,풋내기들
167,윈터우즈
168,체크포인트
169,피노키오의 소녀
171,방안의 코끼리
172,식스틴
173,불릿 6미리
174,나타나주세요!
175,소녀의 세계
177,소녀 연대기
178,피플
179,그녀의 버킷리스트
180,날로 먹는 연애
181,공복의 저녁식사
183,중독연구소
184,대작
185,언메이크
186,점핑오버
187,찬란하지 않아도 괜찮아
188,트랜스휴먼
189,꿀벌과 아카시아
190,뷰티풀 군바리
191,윈드브레이커
194,아이고아이고
196,문아(問我)
198,스펙트럼 분석기
199,아빠를 찾습니다.
200,독신으로 살겠다
202,아이들은 즐겁다
204,원 뿔러스 원
206,걸어서 30분
210,귀각시
212,오늘도 사랑하세요
225,시큼새큼
229,나주금입니다(너에게만 보이는)
243,그녀는 흡!혈귀
246,두근거려요
269,금요일
285,악인
289,새벽9시
394,샌프란시스코 화랑관
